team_id,team_name,country
6178,Australia,Australia
6538,Groovy,Colombia
4444,Blight,Denmark
6862,Bananaboys,Norway
7066,ASDF,Australia
6567,Imagination,"South Africa"
6438,SoF,"United States"
7158,"Pro Era",Estonia
7042,"Hong Kong","Hong Kong"
6842,Plantronics,Sweden
6068,"Free Transfer",Denmark
5824,RatsOfTheYear,Finland
6396,ExAequo,Italy
5899,"HLTV.org Staff",Europe
6519,PUZZLES,China
6303,China,China
7324,ENZO,"Hong Kong"
6586,"Viva Algeria",Algeria
5903,"SLTV Staff",Ukraine
6487,TamuluS,Korea
4863,TyLoo,China
6307,Vietnam,Vietnam
4998,"Team suNny",Finland
6453,NoobTubers,Europe
6440,UESmash,Estonia
6956,AIMERZZ,Algeria
6206,Colombia,Colombia
6383,"CSGOEvo White",Germany
4741,TCM-Gaming,Germany
7243,.Norway,Norway
6723,Devcat,China
7051,"Force of Nature",Chile
6271,USA,"United States"
7009,MeMyself&I,Europe
7273,"Shukufuku Sunshine",Singapore
6773,VG.CyberZen,China
6728,Raepmashaekel,Sweden
5865,"3DMAX fe",France
4997,"Team allu",Finland
6621,g3x,Brazil
5133,Sweden,Sweden
7248,GEX,Iran
7080,Wololos,Spain
7149,Swift,"United Arab Emirates"
4467,VeryGames,France
7019,"ex-CPH Wolves",Denmark
5139,Denmark,Denmark
7014,TEAM1231,Serbia
6379,"Animal Squad",Australia
5013,Orange,Malaysia
7268,.Russia,Russia
5158,Bravado,"South Africa"
5449,"NO SIR!",Denmark
5138,Russia,Russia
6290,Luminosity,Brazil
6840,Aquiver.RED,Denmark
6392,"All-Star Dragon",Other
5142,France,France
7068,"The Working Men","United Kingdom"
4411,NiP,Sweden
4808,"Crystal-Serv fe",France
6879,"doyoueven fe",Europe
7010,Immortals,Brazil
6855,Fragsters,Denmark
7027,mixbanan,Sweden
6503,CyberZen,China
5890,"Na`Vi Staff",Ukraine
7054,Jordan,Jordan
7041,UAE,"United Arab Emirates"
5090,"Party Daddlers",Germany
5634,"dRiim's team",Finland
6578,"Play It Cool All-Stars",Sweden
6485,autocracy,Korea
6629,Deathtrap,Turkey
6810,aimclub,Europe
4472,ASES,Spain
7290,CANADA,Canada
7310,"Guerilla Method",Serbia
7050,Mongolia,Mongolia
7059,X,Denmark
4586,Ubinited,"United States"
6512,GANK,China
6158,"Dire Wolves",Australia
4584,"Druidz fe",Sweden
5839,"sAw's team",Finland
4984,"Astana Dragons",Ukraine
7326,"k1ck oldschool",Portugal
6202,Peru,Peru
4431,"Area 51","United States"
6789,BigGods,Brazil
4607,"Western Wolves",Sweden
6685,Ancient,Sweden
6665,Astralis,Denmark
6523,SHAAVEJI,Latvia
4858,oXzone,Denmark
7262,dd,Belgium
6671,Optimum,Denmark
5342,97club,Belarus
4770,GF-Gaming,Poland
7007,"jA'Vi",Portugal
7169,"fnatic Academy",Sweden
6499,WRTP,Europe
4977,DeNova,Latvia
6294,Aperture,"South Africa"
6571,UMass,"United States"
7058,Unity,Denmark
4991,fnatic,Sweden
4547,Anexis,Denmark
6102,WMTF,Turkey
6168,1337,Sweden
6248,TheMongolz,Mongolia
4775,"Western Wolves",Denmark
6856,Krydsild,Denmark
6344,MIXCAT,Finland
4811,"Millenium fe",France
6331,"Reap What You Sow","United States"
6334,"Games Academy",Brazil
5106,Turkey,Turkey
5435,gBots,Spain
6574,ex-USSR,Poland
6046,TRICKED,Hungary
5599,Dobry&Gaming,Poland
7251,5FRAGS,Russia
6210,Chile,Chile
6195,QeeYou,China
4497,mTw,Other
5926,Clutchit.org,Norway
5929,"Space Soldiers",Turkey
5941,"Queen Consolidated",France
5817,GPlay,Bulgaria
4674,LDLC,Europe
7077,Parallax,"New Zealand"
6310,Japan,Japan
6226,E-frag.net,Bulgaria
5274,AGAiN,Poland
6620,AlienTech,Brazil
5231,iBUYPOWER,"United States"
5996,TSM,Canada
6524,EZmarket.org,Denmark
6675,PixelFire,Europe
6421,Secret,Vietnam
4978,GUNRUNNERS,Slovakia
4971,embrace,Sweden
6474,"MVP project",Korea
5261,Recursive,France
5841,"juho's team",Finland
5829,fRactals,Algeria
6326,"VERY T0X1C",Poland
5028,LGB,Sweden
5415,Awsomniac,France
6575,Phoenix,Germany
6428,"Roca's compLexity","United States"
5487,Hashtag,Ukraine
5171,"Death.Energy ",Germany
6205,Brazil,Brazil
6134,Kinguin,Poland
6615,OpTic,"North America"
6035,Atlantis,Spain
6400,TES,Italy
5745,Games4u,Sweden
5752,Cloud9,"United States"
5144,Ukraine,Ukraine
7029,AC-130,China
7320,"Zeta Strike",Chile
4555,Virtus.pro,Russia
6959,MK,Bulgaria
4465,mousesports,"United Kingdom"
6292,Conquest,Canada
7170,onestop,Australia
4647,Quantic,"United States"
6710,"Bee's Money Crew","United States"
5107,Belarus,Belarus
5271,"über G33KZ",Denmark
6245,eBettle,Poland
6278,Egypt,Egypt
5991,EnVyUs,France
7168,Crowns,Sweden
5973,Liquid,"United States"
5898,"99damage.de Staff",Germany
5909,"No Problem!",Denmark
5633,"suNny's team",Finland
4576,Menace,Finland
6908,FIVE,China
5298,Minttu,Finland
5906,Torqued,"United States"
6373,"uber g33ks",Denmark
5722,aimface,Serbia
6287,Torpedo,Sweden
5167,RvN,Kuwait
5748,Nostalgie,Europe
6670,CSGO2x,Sweden
5716,Enervate,Russia
4695,TMVG,Finland
5709,Tempo,"United States"
4623,fnatic,Denmark
4608,"Natus Vincere",CIS
7120,Entropy,Europe
6280,Algeria,Algeria
7020,Spirit,Russia
7024,EHOME,China
5136,Finland,Finland
5137,Poland,Poland
6897,visomvet,Sweden
6548,?,Denmark
6539,OVP,Colombia
6242,"CLG Red","United States"
4533,UniversalSoldiers,Poland
7217,subtLe,Canada
6273,Canada,Canada
4680,Recursive,Sweden
6118,"Tempo Storm",Brazil
6420,"KoN Finland",Finland
6774,Signature,Thailand
6133,Orbit,Bulgaria
6451,"myXMG Staff",Norway
6110,Puzzle,China
5378,Virtus.pro,Poland
4690,HEADSHOTBG,Bulgaria
6167,Phenomenon,Russia
6457,"Nexus Storm",Canada
6033,"Keyd Stars",Brazil
6304,Thailand,Thailand
7193,Shadows,Russia
6318,HD4R,Latvia
6829,"Skal du begraves?",Denmark
6408,Arcade,Russia
6902,GODSENT,Sweden
5140,Belgium,Belgium
5802,ePlay,Poland
7017,"Space Jam",Russia
6124,Epsilon,Spain
6154,uX,Germany
4449,webSPELL,France
6161,Skyfire,Australia
5422,dignitas,Denmark
6560,Brekan,Argentina
4908,K29,Belarus
4612,Hawks,Finland
6978,Singularity,Denmark
6211,Renegades,Australia
7028,LGR,Finland
6403,carboN,"South Africa"
5141,Slovakia,Slovakia
4835,Xapso,Denmark
6715,Mineski,Philippines
7039,ArchAngels,Sweden
5537,GamePub.ENTiTY,Macedonia
6422,Emc,"Hong Kong"
5101,Spain,Spain
6771,ProGaming,Brazil
4539,"GIVE IT ALL",Poland
4494,mousesports,Europe
6021,Luminosity,"United States"
7104,Rush,"United States"
6587,"Remo Brave",Brazil
6442,WildSource,Europe
6637,ex-Titan,France
6714,dream[S]cape,Singapore
5103,Netherlands,Netherlands
4688,Epsilon,Sweden
6418,"KoN Sweden",Sweden
4996,"Team aslak",Finland
4559,Millenium,Europe
7082,"Reason fe",Russia
6785,Innova,Brazil
4573,Fraternitas,"Czech Republic"
6415,seven,Iceland
5866,Karma,"United States"
5590,proWince,Serbia
6570,"DEEZ NUTS",Poland
5635,"KIPSIk's team",Finland
5486,HR.mix,CIS
6208,Argentina,Argentina
5679,ESG!,Sweden
4556,myDGB.net,Slovakia
6037,overGame,Spain
6425,Tectonic,"United States"
6460,CSGO.one,Europe
6467,CSGOBESTPOT.com,Sweden
5995,G2,France
7062,"Kalashnikov 47",Sweden
6094,"Vega Squadron",Russia
6410,nEophyte,"Czech Republic"
6137,SK,Brazil
6385,Trifecta,"United States"
6405,Orgless,Europe
6113,exceL,"United Kingdom"
6109,MVP.karnal,Malaysia
5978,Skyred,Vietnam
6185,Exertus,Sweden
7018,DarkPassage,Turkey
5832,Nface.GM,China
7239,ROB,Denmark
6372,CSGL,Poland
5714,Mobility,"United States"
7137,Nocturns,Argentina
4686,"EnRo GRIFFINS",Europe
5901,"LC Staff",Norway
4532,ESC,Germany
5888,"E-frag.net Staff",Serbia
5884,"Fnatic Staff","United Kingdom"
4548,"CPH Wolves",Denmark
5680,Athletico,Australia
5617,"United Estonia","United Kingdom"
5117,"Czech Republic","Czech Republic"
6686,AGG,Poland
5176,inchk1ng,"Hong Kong"
5284,Titan,France
5310,HellRaisers,Europe
5068,Estonia,Estonia
5002,"Team Twista",Finland
7275,Vikings.Vortex,Vietnam
6807,Alpha,Denmark
4948,Clan-Mystik,France
6832,Iwku,Sweden
7283,Mighty44,Russia
6909,AG.white,China
5093,KILLERFISH,Germany
6630,Dynasty,Argentina
7013,RoyalClub,Brazil
6998,iNETKOXTV,Poland
5974,CLG,"United States"
6281,Morocco,Morocco
6849,n0_0rg,Europe
5949,PiTER,Russia
5737,unu.AiN,Denmark
6471,YP,Russia
7274,Sabertooth,Vietnam
6667,FaZe,Europe
7145,Tengri,Kazakhstan
6098,Nihilum,"United States"
4488,"Absolute Legends",Sweden
6448,Revival,Denmark
7258,Game4Glory,Pakistan
4763,hGh,Sweden
4791,Immunity,Australia
6010,Chiefs,Australia
6300,TSK,Sweden
4498,"Red Dead",Germany
6031,Acer,Sweden
6041,"CM Storm",Germany
6045,"LDLC White",France
4677,"n!faculty fe",Germany
6504,AllGamers,China
6762,Bpro,Bulgaria
6059,Rock,Hungary
6092,MALIK,"United Kingdom"
6387,fSociety,Australia
5595,nerdRage,Denmark
6388,mySemperFi,Norway
6641,Obey.Alliance,"United States"
7182,zARLANS,Kazakhstan
6401,"Swag Silicone",Italy
5338,TEAMSWAGYOLO,Russia
5524,AlienTech,Portugal
4865,New4,China
5593,dAT,Ukraine
6375,Vexed,Poland
4803,iNation,Serbia
4456,Epsilon,France
6058,CAZ,"United Kingdom"
4475,ROCCAT,Finland
7341,"Golden Children",Poland
6745,eXtatus,"Czech Republic"
4448,3DMAX,Denmark
5819,EZPZ_LS,Serbia
4587,"ALTERNATE fe",Europe
6864,WinOut,Brazil
6191,Enemy,"United States"
5569,"London Conspiracy",Norway
6597,Quest,Russia
4894,AliGon,Sweden
6947,TeamOne,Brazil
4773,paiN,Brazil
4761,WRTT,Sweden
4558,zNation,Russia
7092,5POWER,China
6470,PARTY,Kazakhstan
5637,"duffman's team",Finland
5108,Norway,Norway
5840,"naSu's team",Finland
4760,Karont3,Spain
5801,31337,Poland
6413,DSS,Ukraine
4983,n!faculty,Denmark
4982,XPC,Romania
5623,Faith,Russia
6171,SetToDestroyX,"United States"
6557,NTN,Argentina
6204,Venezuela,Venezuela
6622,CG,Sweden
4851,SuperstarS,France
6651,Gambit,Kazakhstan
6652,GameAgents,Europe
6976,HeyGuys,Europe
6364,ex-eLevate,"United States"
6662,Granted,Denmark
6371,unKnights,Europe
6407,DenDD,Sweden
5135,Portugal,Portugal
6865,Escape,Europe
5073,Slovenia,Slovenia
7123,HUEHUE,Russia
4679,Anexis,"United Kingdom"
4602,Tricked,Denmark
6876,"Wyvern Ladies",Sweden
5603,Control.VP,Australia
5607,SYF,Australia
6472,Rebels,CIS
6576,"Majestic Lions",Slovakia
5078,Iceland,Iceland
5613,INSHOCK,Poland
4730,SYS-GAMING,Poland
4501,"ALTERNATE aTTaX",Germany
7176,"RED CANIDS",Brazil
6749,"LDLC fe",France
5058,Hungary,Hungary
6748,"Exertus fe",Germany
5988,FlipSid3,CIS
6078,Sharkgaming,Denmark
6787,LDDM,Brazil
6091,XENEX,Europe
6087,"eSport Engine",Europe
6108,Insidious,Singapore
6265,ARMADA,Serbia
7091,Replays.net,Russia
4922,neXtPlease!,Romania
6419,"KoN Norway",Norway
4828,KILLERFISH,Denmark
5050,Flamelux,Netherlands
6262,"Maximum Effort","United States"
6758,Team123,Denmark
6763,noKappa,Poland
4477,Publiclir.se,Sweden
7111,"3 NEW 2 OLD","Hong Kong"
6469,eXplosive,Ukraine
6726,DollarHouse,Sweden
6869,RivaL,"United States"
6533,"YP Ladies",Russia
5134,"United Kingdom","United Kingdom"
6962,"Red Instinct RS",France
6513,JSG,China
5109,"Bosnia & Herzegovina","Bosnia and Herzegovina"
5828,"Jynttä",Finland
5293,"AVANT GARDE",Australia
5143,Germany,Germany
5195,Planetkey,Germany
6561,Ventus,"South Africa"
6668,"Fluffy Gangsters",Russia
6298,fish123,"United Kingdom"
4869,ENCE,Finland
6384,MaxAndRelax,Europe
5838,KnockOutStars,Hungary
6680,"Echo Fox","United States"
5843,"fAlsu's team",Finland
5091,Homeless,"United States"
6724,Preparation,Russia
4538,DELTA,Poland
6737,Pixel,Hungary
4784,"Vox Eminor",Australia
6954,aTw,Tunisia
4781,Refuse,Poland
5105,Romania,Romania
6222,k1ck,Spain
5283,AMNESIA,Poland
4626,Dejavue,Denmark
5540,ttc,Germany
6220,"Epiphany Bolt",Norway
4624,Curse,"United States"
4970,eEriness,"Czech Republic"
5214,PANTERS,Norway
4413,Lemondogs,Sweden
4672,"team xxx",Norway
4694,"MTF Gaming",Germany
5319,Property,Sweden
4901,3DMAX,Germany
6266,CSGO-Saloon,Serbia
5395,PENTA,Germany
6399,EasyFix,Romania
6806,Nevermad,Denmark
6946,Magistra,Denmark
6808,SuperMassive,Turkey
4904,H2k,Norway
7083,Heaven,Germany
5543,NetcodeGuides.com,"United States"
7085,Executors,Serbia
5596,Platinium,France
6105,"Delinquent Habits",Greece
6673,NRG,Europe
6619,INTZ,Brazil
6243,"Games4u fe",Europe
6854,WarMonkeys,Iceland
5122,LeiSuRe,Germany
4491,iPLAY,Germany
6676,OnlineRol,Denmark
6040,"ALSEN fe",Poland
6502,"Born Of Fire",China
5907,WinOut.net,"United States"
6747,EDG,China
6473,DICKHOUSE,Estonia
4541,aSperaGamers,Poland
5034,"WE GOT GAME",Europe
6495,Revolte,Hungary
5700,LunatiK,"United States"
7072,"m0nster white",Korea
7175,Heroic,Denmark
5169,"Wild Fire",Germany
6618,CNB,Brazil
4682,RCTIC,Finland
5211,MYM,Poland
5208,Reason,Europe
7233,VatosLocos,Portugal
4831,Server-Forge,Denmark
5789,3DMAX,Finland
4813,"Virtus.pro fe",Russia
6221,ATB,Poland
5766,Orbit,Sweden
6237,Pries,Russia
6302,"Worst Players",Ukraine
6240,"Acer fe",France
6639,nerdRage,Europe
6981,Kaliber,Canada
5112,Lithuania,Lithuania
5104,Austria,Austria
6736,Selfless,"United States"
6681,Risky,"United Arab Emirates"
5116,Bulgaria,Bulgaria
5333,"hudzGs TEAM","United Kingdom"
5273,GamePub,Serbia
4552,"EYES ON U",Denmark
6672,EU4IA,Spain
5060,AWESOME,Denmark
5005,compLexity,Canada
4759,OverGaming,Spain
6873,"mCon fe",Netherlands
6896,PRIDE,Poland
7308,"Epsilon Hype",Sweden
4800,ELTZ,Russia
6827,404OrgNotFound,Denmark
6798,2Kill,Argentina
6799,Furious,Argentina
4876,EYESports,Russia
4502,HastaLaVista,Denmark
5306,noMERCY,Poland
6436,"Leader-1 Red","United States"
6550,Supreme,Ukraine
6636,"Eastern Vikings",Denmark
6556,SteamAnalyst,"United States"
5775,eLevate,"United States"
5825,Superstars,Finland
5961,myRevenge,Germany
5998,affNity,"United States"
5849,In-Finity,"South Africa"
7124,passions,Sweden
6558,"Guerreros del Mouse",Argentina
7250,rUNITED,Russia
7060,NokSuKao,Russia
5399,GreyFace,Sweden
6073,melty,France
4496,dotpiXels,Germany
4492,gamed!de,Germany
6573,Wings,China
5636,"Twista's team",Finland
7081,"Black Dragons",Brazil
5962,LGB,Norway
6921,Vesuvius,Russia
6975,"Mostly Homeless",Canada
6311,Indonesia,Indonesia
6309,"South Korea",Korea
6969,SLK,Brazil
6944,deadweight,Norway
6684,Empire,CIS
6628,VECA,Iceland
6369,"Dead Pixels",France
6617,Santos.DeX,Brazil
7119,MMCLUB,Europe
6589,"Camel Riders",Jordan
6363,"European Misfits",Sweden
7157,Rogue,Denmark
6839,Aquiver.BLU,Denmark
6899,LGD,China
7108,4dimensioN,Japan
6756,VwS,Lithuania
6417,"KoN Denmark",Denmark
6314,Philippines,Philippines
6067,Frederiksberg,Denmark
5822,KaBuM.TD,Brazil
6238,"Ze Pug Godz","United States"
4658,POPPERS,Denmark
6176,Exile5,Australia
6051,"LDLC Blue",France
6072,malefiQ,Iceland
4606,BX3,Norway
4611,Temp.no,Norway
5323,jQntefabrikkeN,Denmark
6174,VeloX,"United States"
6166,"Astral Authority","United States"
5111,Serbia,Serbia
5153,eNergy,"South Africa"
5125,Cursive,Denmark
6084,"ICY Phoenix",Norway
5218,ACES,Russia
5519,"Bad Monkey",Sweden
5004,USSR,Russia
6132,Method,Russia
6131,beGenius,France
5355,myKPV,Germany
6075,no_rhythm,Denmark
5708,Outbreak,Spain
6291,Swarm,"United States"
7331,iGame.com,Finland
5847,ACG,Ukraine
5063,Refuse,Serbia
4535,MaxFloPlay,Poland
4528,aliquo,"United Kingdom"
5412,eSuba,Slovakia
5479,Mythic,Europe
5009,"Playing Ducks",Europe
4579,LowLandLions,Europe
5727,ENCORE,Finland
4758,arkhe,Spain
5564,TEAMGLOBAL,Sweden
4445,fm-eSports,"United Kingdom"
6871,"Secret fe",Europe
4736,Lions,Norway
6792,Prospects,"United States"
6397,"RIP Fonty",Italy
5572,OnlineBOTS,Estonia
6859,FAB,Germany
6394,Play2Win,Spain
6835,GamersLeague,Sweden
6669,"Binary Dragons",Ukraine
4469,k1ck,Portugal
6409,BulletsRage.Pro,Portugal
5115,Kazakhstan,Kazakhstan
7139,"Grinny Bankers",Australia
5154,"Damage Control","South Africa"
4716,myRevenge,Denmark
4651,"Eternity Gaming",Finland
6225,Choke,"United Kingdom"
6213,Enso,Russia
6082,"ex-melty fe",France
6366,Vault,"United States"
5018,Divine,Russia
4593,CPLAY,Denmark
6569,xTc,"South Africa"
6600,"Far East Boys",Russia
6497,TzatzikiKlubben,Sweden
6393,"All-Star Tiger",Other
4683,3DMAX,Slovakia
5235,"Eternal Conflict","South Africa"
6164,Mortality,"United States"
6342,m0nster,Korea
4731,E-Frag,Other
6584,demise,Norway
6386,Winterfox,Australia
6919,"Digital Wave",Russia
5049,COWABUNGA,Finland
5076,Croatia,Croatia
6598,Threats,Vietnam
5102,Latvia,Latvia
5246,ESC,Denmark
5867,"Reason fe",Russia
5445,"LAN DODGERS",CIS
6500,gamENERGY,Poland
5454,SKDC,Canada
5455,NewStyle,Denmark
5869,Streamline,Australia
6638,"ex-Astral Authority","United States"
7220,"Muffin Lightning","United States"
5258,nxl,Indonesia
7229,Rebellion,Vietnam
5272,FTW.PRO,Portugal
6468,Legacy,Australia
4802,ENTiTY,Macedonia
4580,ProGaming.TD,Brazil
4554,Infused,"United Kingdom"
6343,EURONICS,Germany
6520,EFV,China
6973,Kingdom,"United States"
4615,Imaginary,France
6324,"Los Jefes",Denmark
7069,"v0rtex 5	",Korea
4416,BuyKey,France
7095,Overpowered,Slovenia
7073,fruits,Hungary
4490,n!faculty,Germany
6277,Azerbaijan,Azerbaijan
7264,"spray'n'pray",Ukraine
7312,nGse,China
6817,Insomnia,Canada
4689,"EYES ON U",Germany
6416,J2G,Indonesia
6801,"Magnum Monsters",Argentina
4975,wYw,Europe
6427,"Suck Brick Kids","United States"
4826,plan-B,Norway
7130,"SSU White",Australia
4742,Nostalgie,Europe
6780,c5,Jordan
6106,H2B,Hungary
4988,solemn,Finland
6564,PewPew-Armada,"South Africa"
5610,Aftermatch,Sweden
5570,Team4Balkan,Sweden
4864,Nface,China
4613,gosu,Sweden
6982,PLAYZONE,Denmark
4588,"Imaginary fe",France
4534,ALSEN,Poland
7074,Delete,Denmark
4499,CPLAY,Europe
4644,"Frost Gaming","United States"
4687,DRUCKWELLE,Germany
7278,"YETTI 5",Korea
6752,Tempest,Russia
5758,myXMG,Denmark
4804,AWTR,Sweden
4692,e-Sports.rs,Serbia
5110,Italy,Italy
5451,dope,Sweden
6501,PhysX,Romania
6170,Braindead,Canada
6155,EZskins.com,"United Kingdom"
6203,Ecuador,Ecuador
6368,"Red Instinct",France
6339,xqR,Singapore
6353,MiTH,Thailand
6490,T5,Korea
7187,Nexus,Romania
6424,Dynasty,"United States"
6014,"New Era",Russia
7208,"GODSENT Academy",Sweden
6085,"Epsilon fe",France
5999,ISKOLD,Sweden
6100,RB,Serbia
6261,3sUP,"United States"
5837,"GL SHAKER",Finland
6279,Tunisia,Tunisia
5798,ZZCY,China
6301,Splyce,Other
6297,CeX,"United Kingdom"
6308,Singapore,Singapore
6070,h$fyre,Denmark
5418,Expert,Norway
6914,"Without a Roof","United States"
6192,DeToNator,Japan
6923,ANOX,CIS
6434,Coastless,"United States"
5730,VexX,"United States"
4810,fm!Ladies,Europe
6853,Flash,Denmark
4468,x6tence,Spain
4744,w4sp,Germany
4822,Reason,"United Kingdom"
4429,Dynamic,"United States"
6285,Libya,Libya
5695,GUNRUNNERS,"Czech Republic"
5814,Vination,Finland
4590,"Epsilon fe",Germany
6042,MnM,Germany
5806,pow,China
5080,Moldova,Moldova
5641,es4x,Russia
6322,GameplayDNA,Lithuania
6263,SkitLite,Finland
6194,myRevenge,Korea
7064,Phantoms,Portugal
5056,MayaM,Estonia
6447,Refuse,Norway
6588,Whisper,Kuwait
5114,Ireland,Ireland
6970,WinFiction,Bulgaria
4631,Curse,Finland
5075,Montenegro,Montenegro
4981,Panthers,Portugal
6437,Gosu,"United States"
4489,Lions,Sweden
6239,Nexus,Canada
6283,Georgia,Georgia
6241,"LGB fe",Norway
4500,logiX,Europe
4546,puta,Denmark
6378,TwistoFate,China
4512,eXtensive,France
6411,"FTW.Evo Twitch",Portugal
6117,ACE,Canada
6889,E-Corp,France
4691,WaRLegenD,France
4458,iGamerz,France
4906,Sprintfox,Europe
7253,VenatoreS,Poland
7134,"Global Sanction",Australia
6029,UNLEASHED,Sweden
5126,"momo momo",Denmark
5956,QuetzaL,Mexico
6477,"Player 5",Korea
5579,volgare,Hungary
6505,Goalie,China
6530,Dictionary,China
5652,savage,Canada
5347,BLUEJAYS,Germany
6445,Expendables,Philippines
7116,nGse,"Hong Kong"
7153,DreamRAR,Tunisia
5885,"NiP Staff",Sweden
7206,PuddiPuddi,Russia
6553,"Infernal Paradise",Russia
6103,Wrecking,Bulgaria
5428,faithIN,Serbia
6874,IDM,Brazil
6305,Malaysia,Malaysia
7100,Curiosity,"South Africa"
6246,dope,Russia
4526,TeamCRG,"United Kingdom"
5826,myMDL,Finland
4643,Denial,Europe
6972,Detonate,"North America"
5632,"allu's team",Finland
6264,KappaKappa,Sweden
7067,Reload,Australia
6097,Steelseries,Australia
6498,"Imperial Dragons",Poland
5407,KIYF,Spain
4934,Cursive,Finland
5082,IGG,Romania
6000,TRS,Argentina
6069,FUGL?,Denmark
6055,WOOSAH,"United States"
7094,"Master Grade",China
6138,INFINITY,Sweden
7065,GUTS,Australia
6872,"Area08 fe",Sweden
6135,Noble,"United States"
6321,Coast,"United States"
4675,Evokate,France
6030,Caseking,Germany
5827,"Hanat auki",Finland
5113,Switzerland,Switzerland
6444,HS.GG,CIS
7154,"FENNEC ",Algeria
6635,eFuture,China
7234,Endpoint,"United Kingdom"
6851,walkover,Denmark
7086,"Energy Pacemaker",China
5927,Incursion,"United States"
6898,B.O.O.T,China
5616,KNR,Poland
6352,Brutality,India
5190,United5,"United States"
6563,MDK,"South Africa"
4829,naptoR.Factory,Denmark
6765,"White Rabbit","South Africa"
4592,dAT,Russia
6461,"NewSkill Infinity",Europe
5121,Berzerk,Germany
4645,mouseSpaz,"United States"
5067,Greece,Greece
6722,"Imperio Multimedia",Portugal
4495,"Tt Dragons",Germany
5173,pod,Europe
5902,"Virtus.pro Staff",Russia
6527,"Just Make it Fast","North America"
5638,"shaker's team",Finland
6332,"EZ on The Soul","United States"
6362,summa.gg,Spain
4591,Wizards,Denmark
5079,Macedonia,Macedonia
7012,"Dai Dai",Brazil
7084,"EYESports fe",Russia
6348,Liondogs,Greece
5007,cuLtivation,"United States"
6101,vVv,"United States"
4900,CPLAY,Italy
5077,Israel,Israel
6432,stfuNerd,Denmark
4914,3DMAX,France
7105,Blight,"United States"
5006,MonoManiac,"United States"
6707,RONIN,Canada
4846,Heroic,Denmark
6313,Kyrgyzstan,Kyrgyzstan
5754,Malta,Malta
4732,partyastronauts,Norway
5030,highgrade,Sweden
4493,SFTO,Europe
5640,UNNAMED,Russia
5787,"The Lone Rangers","United Kingdom"
6249,Evolution,Ukraine
4519,NOD,Germany
5835,PB,Sweden
7179,Preparation.Yellow,Sweden
4799,GamerUniversity,Italy
5008,Courage,Ukraine
4609,KerchNET,Russia
4861,OBEY,Denmark
4807,"BX3 fe",Europe
7313,"New ReVoL",China
5053,AGENT,Norway
4939,teamKR,Germany
6555,"Orbit fe",Sweden
6793,CS-GO.rs,Serbia
5872,"Moscow Five",Russia
5740,InFamous,Australia
6165,Leader-1,"United States"
6295,Aposis,Norway
5290,TRIDENT,Australia
6128,"Jake Bube",Serbia
6562,"Pixel Hunters","South Africa"
7106,eUnited,"United States"
4540,"Clan Poland",Poland
5755,Cyprus,Cyprus
4684,Faith,Ukraine
6327,"Gdansk Lions",Poland
5831,Isak,Denmark
5804,HAXCON,Poland
5187,SCHUMMLER!,Germany
4589,"inFernity ladies","Czech Republic"
4639,NeverPlay,Germany
4809,Firstblood.dk,Denmark
6328,Distinct5,Poland
6382,"Sententia Mortis",Europe
6491,Galatics,Portugal
6790,HG,China
5842,"osku's team",Finland
7101,Comanche,CIS
5086,Exertus,"United States"
6081,"TJ'S HELTE",Denmark
4610,Rush3D,Russia
6511,"Various Artists",China
5653,MTW,Germany
7284,VG.Potential,China
6127,MiA,Slovenia
6129,mesport.hu,Hungary
6317,"hard'N'play",Ukraine
5970,GGWP,Belarus
5790,schlaegeros,Norway
5330,Pulse,France
5413,Avenue,Belgium
6551,NPME,Russia
6315,Palestine,Palestine
4476,"hiGhrollers ",Sweden
6794,KKona,Canada
6968,Supernova,Brazil
6130,AlienTech.Black,Portugal
6627,GODS.WIN,Iceland
6099,GIANT5,Croatia
4656,Lucidez,Denmark
4698,eSpuma,Denmark
4968,SENSEi,Serbia
6964,"Exotic Island",Portugal
6355,MOTV,Philippines
4812,Valkyries,Europe
4743,"SNOGARD Dragons",Austria
4844,iRAGE,Denmark
4887,Vikings,Denmark
6549,Handface,Ukraine
6412,uPGaming.hellfive,Portugal
6114,GLG,"United Kingdom"
6107,MASSACRE-ZONE,Slovenia
5577,A-Gaming,Ukraine
4944,b.s3x,Russia
7311,XFXQ,China
6616,Gathers,Brazil
6063,Badger,Norway
5648,"Just Deal With It",Finland
4484,Paranoia,Finland
5803,eliminacja,Poland
4553,ServerForge,Germany
6395,"XPRESIV'E",Lithuania
6282,"South Africa","South Africa"
7093,5Love.N4,China
5480,OneShot,Russia
6764,FlipSid3,"South Africa"
6083,"Property fe",Europe
6514,verying,China
7155,Pnda,"United States"
7055,Inside,"Czech Republic"
6391,GRS.GP,Serbia
4685,"Russian Roulette",Russia
6398,iDomina,Italy
5770,"myXMG fe",Norway
4603,logiX,Denmark
6179,"New Zealand","New Zealand"
6518,"Fountain of Fire",China
4536,BoomSlave,Poland
4665,RAIDERS,Finland
6920,"Binary Dragons Gold",Russia
5749,Cipangu.GO,Japan
6293,Veneration,"South Africa"
7205,SofaKingGood,"United States"
6517,"Brave or warrior",China
6414,"Project Skyline",Kyrgyzstan
5742,"Virtual Impact",India
5892,"Game Show Staff",Ukraine
6510,7Kings,China
5069,Luxembourg,Luxembourg
6306,"Sri Lanka","Sri Lanka"
5012,"ATE Gaming",India
6905,"Alter Your Ego","United Kingdom"
5074,Armenia,Armenia
